Hash,Sequence
05ffae7e8304f8eec6ba8d087502e140904c0147,ATTAGCCGGAAATCTAGCCCATGCTGGGGCTTCTGTAGATTTAGCTATCTTCTCCCTCCACCTAGCAGGTGTGTCATCCATTCTAGGGGCAATTAATTTCATCACCACAATTATCAATATGAAACCCCCAGCCTTATCTCAGTACCAAACCCCACTATTCGTTTGATCCGTAATAATTACAGCAGTCCTTCTTCTCCTATCACTGCCAGTCTTAGCAGCTGGCATCACAATGCTTCTAACAGACCGAAACCTAAATACAACATTTTTCGATCCTGCCGGAGGCGGGGACCCAATCCTATATCAACATCTCTTC
274c8e6ae5e6a417c7d9d23a6e07cea5005516d0,ATTAAGTAGTAGTCTTATGACATTGAATACGGAATCCGTAGACTGGATCATTATTGGCCTGGCTGTATTAGGTATAAGTAGTGTATTAGGTTCTATAAATTTCTTAGGAACGAGTCTGTTCTTAGGATCTGTATCAGGATGCAGACCAAATATCTTGTATATCTGGGCCATCATATTTACTGCTATAATGCTTATAGTAACATTACCTATTTTGACCGGAGGGTTAGTAATGTTGTTAATGGATCTACATACTAATTCCGAATTCTATAATTCTATGTATTCAGGAGATAGTGTATTATATCAGCATTTATTT
2e46f9be10f6c3fe32646ff7213f9a80843c7e41,ATTAGCCGGAAACCTAGCTCACGCTGGAGCTTCTGTAGATTTAGCTATCTTCTCTCTCCACCTAGCGGGCGTATCATCCATCCTAGGGGCTATTAACTTCATTACCACCATTATTAATATAAAACCACCAGCCCTGTCTCAATATCAAACACCACTGTTCGTTTGATCCGTAATAATTACAGCAGTCCTCCTTCTCCTTTCACTACCAGTCTTAGCAGCTGGCATTACAATACTTCTAACAGACCGAAACCTGAACACAACATTCTTTGACCCTGCAGGAGGTGGAGACCCAATCCTATATCAACATCTTTTC
3b877aab36cfec9afde65b6fb7ca8bccb4f07236,ATTAGCTGGAAATCTGGCCCACGCTGGGGCTTCAGTAGATTTAGCTATCTTCTCCCTCCACCTAGCAGGTGTATCATCCATTCTAGGGGCAATTAATTTCATTACCACGATTATCAACATGAAACCCCCAGCCTTATCTCAATATCAAACCCCACTATTCGTTTGATCCGTAATAATTACAGCAGTCCTTCTTCTCCTTTCACTACCAGTCTTAGCAGCTGGTATCACAATGCTTCTAACAGACCGAAACCTGAACACAACATTTTTCGATCCTGCCGGGGGCGGAGACCCAATCCTATATCAACATCTCTTC
3bd45757984c4321ff62162ddf5dbbb19245b041,ATTAGCTGGAAATCTAGCCCACGCAGGAGCTTCAGTAGATTTAGCTATTTTCTCCCTCCACCTGGCAGGTGTGTCATCCATTCTAGGAGCTATTAATTTTATTACTACAATTATTAACATGAAACCACCGGCCCTAACTCAATACCAAACCCCACTATTCGTATGATCCGTAATAATTACAGCAGTCCTCCTTCTCCTTTCACTACCAGTCTTAGCAGCTGGTATTACAATACTCCTAACAGATCGAAACCTAAACACAACATTTTTCGATCCTGCTGGGGGTGGGGACCCAATCCTGTACCAACATCTTTTC
3f32667eba5313dda2974d483bfcefb2081aa8c8,GCTTTCGCTGCAAGGTGGTTACAACGTGGCTTTCAGCGTGTTTGCGATCCACGTGGCCGGGGTCAGTTCGATCATGGGCGCAATCAACATCATCGCTACCGTGCTCAATATGCGCGCACCCGGCATCGATCTGCTGAAGATGCCGATCTTCTGCTGGGCCTGGCTGATCACCGCCTTCTTGCTGATCGCGGTGATGCCGGTATTGGCCGGTGCGGTGACCATGCTGCTCACCGACAAGTTTTTCGGCACCAGTTTCTTCAATGCGGCCGGCGGCGGCGACCCGGTGATGTACCAGCACATCTTC
4bcbd5f8b660b7c69f8e83f91d5c246ac9e27c7b,ATTAGCCGGAAACCTAGCTCACGCTGGAGCTTCTGTAGATTTAGCTATCTTCTCTCTCCACCTAGCGGGCGTATCATCCATCCTAGGGGCTATTAACTTCATTACCACCATTATTAATATAAAACCACCAGCCCTGTCTCAATATCAAACACCACTGTTCGTTTGATCCGTAATAATTACAGCAGTCCTCCTTCTCCTTTCACTACCAGTCTTAGCAGCTGGCATTACAATACTTCTAACAGACCGAAACCTGAACACAACATTCTTTAACCCTGCAGGAGGTGGAGACCCAATCCTATATCAACATCTTTTT
4e2a0fbe5301b0202b1494f185694c6c7a8671a2,ATTAGCCGGAAACCTAGCTCACGCTGGAGCTTCTGTAGATTTAGCTATCTTCTCTCTCCACCTAGCGGGCGTATCATCCATCCTAGGGGCTATTAACTTCATTACCACCATTATTAATATAAAACCACCAGCCCTGTCTCAATATCAAACACCACTGTTCGTTTGATCCGTAATAATTACAGCAGTCCTTCTTCTCCTATCACTGCCAGTCTTAGCAGCTGGCATCACAATGCTTCTAACAGACCGAAACCTAAATACAACATTTTTCGATCCTGCCGGAGGCGGGGACCCAATCCTATATCAACATCTCTTC
59f3dc1659236f043ab1bbcf9f8b4167fd3b13cc,ATTAGCCGGAAATCTAGCCCATGCTGGGGCTTCTGTAGATTTAGCTATCTTCTCCCTCCACCTAGCAGGTGTGTCATCCATTCTAGGGGCAATTAATTTCATCACCACAATTATCAATATGAAACCCCCAGCCTTATCTCAGTACCAAACCCCACTATTCGTTTGATCCGTAATAATTACAGCAGTCCTTCTTCTCCTATCACTGCCAGTCTTAGCAGCTGGCATCACAATGCTTCTAACAGACCGAAACCTGAATACAACATTTTTCGATCCTGCCGGAGGCGGGGACCCAATCCTATATCAACATCTCTTC
5da80e8bf6d32c84c9462d0bfce47c8db0074d18,ATTAGCCGGAAACCTAGCCCACGCTGGAGCTTCTGTAGATTTAGCTATCTTCTCTCTCCACCTAGCGGGCGTGTCATCCATCCTAGGGGCTATCAACTTCATTACTACTATTATTAATATAAAACCACCAGCCCTGTCTCAATATCAAACACCACTGTTCGTTTGATCCGTAATAATTACAGCAGTCCTCCTTCTCCTTTCACTACCAGTCTTAGCAGCTGGCATTACAATACTTCTAACAGACCGAAACCTGAACACAACATTCTTTGACCCTGCAGGAGGTGGAGACCCAATCCTATATCAACATCTTTTC
66a69875e08ccbb96fcb4ff9dbec842f4f29a020,ATTAGCCGGAAACCTAGCTCACGCTGGAGCTTCTGTAGATTTAGCTATCTTCTCTCTCCACCTAGCGGGCGTGTCATCCATCCTAGGGGCTATCAACTTCATTACTACTATTATTAATATAAAACCACCAGCCCTGTCTCAATATCAAACACCACTGTTCGTTTGATCCGTAATAATTACAGCAGTCCTCCTTCTCCTTTCACTACCAGTCTTAGCAGCTGGCATTACAATACTTCTAACAGACCGAAACCTGAACACAACATTCTTTGACCCTGCAGGAGGTGGAGACCCAATCCTATATCAACATCTTTTC
6bc93b2e3701300c6d46e4768655b3cbd48866ec,GTTATCAGGAATACAATCTCACAGTGGTCCTAGTGTAGACTTAGCTATTTTTGGTTTACATTTAAGTGGTATTAGTAGTATGTTAGGTGCTATGAATTTTATAACTACTATATTAAATATGAGAAGTCCTGGTATACGTTTACATAAATTAGCTTTATTTGGATGAGCTGTTATTATTACAGCTGTGTTATTATTATTATCATTACCTGTGTTAGCTGGTGGTATTACTATGATCTTAACTGATAGAAATTTTAATACTTCATTCTTTGAAGTAGCTGGTGGTGGTGATCCTATTTTATTCCAACATTTATTC
709e192ff9470b3f881650384eb8910931823d27,ATTATCTGGAATTCAAAGTCATTCTGGAGGTTCTGTTGATTTATCAATTTTTAGTTTACATTTAGCTGGAATATCATCTTTATTAGGGGCTATCAATTTTATTACTACAATTTTAAATATGAAATCTCCTAAATTAGAATGGCATAGATTATCTTTATTTGTTTGGTCTGTTTTAATTACTGCAGTACTTTTATTACTTTCATTACCTGTGTTAGCAGCAGCAATTACTATGTTATTAACAGATCGTAATTTTAATACAACTTTTTTTGATCCTGCAGGAGGAGGTGATCCTATATTATATCAACATTTATTT
7691ff9b30d2716aa16b35850ca1155a3797e3d9,ATTAGCCGGAAACCTAGCTCACGCTGGAGCTTCTGTAGATTTAGCTATCTTCTCTCTCCACCTAGCGGGCGTATCATCCATCCTAGGGGCTATTAACTTCATTACCACCATTATTAATATAAAACCACCAGCCCTGTCTCAATATCAAACACCACTGTTCGTTTGATCCGTAATAATTACAGCAGTCCTCCTTCTCCTTTCACTACCAGTCTTAGCAGCTGGCATTACAATACTTCTAACAGACCGAAACCTGAACACAACATTCTTTGACCCTGCCGGAGGTGGAGACCCAATCCTATACCAACATCTTTTC
7ffe6b4806724aa859bb0910bd31da09e703b1df,ATTAGCTGGAAATCTAGCCCACGCAGGAGCTTCAGTAGATTTAGCTATTTTCTCCCTCCACCTGGCAGGTGTATCATCCATTCTAGGAGCCATTAATTTTATTACTACAATTATTAACATGAAACCACCGGCCCTAACTCAATACCAAACCCCACTATTCGTATGATCCGTAATAATTACAGCAGTCCTCCTTCTCCTTTCACTACCAGTCTTAGCAGCTGGTATTACAATACTCCTAACAGATCGAAACCTAAACACAACATTTTTCGATCCTGCTGGGGGTGGGGACCCAATCCTGTACCAACATCTTTTC
a917c458cf109fdef7f2ac32525f4f143d1ed4fb,ATTAGCCGGAAACCTAGCCCACGCTGGAGCTTCTGTAGATTTAGCTATCTTCTCTCTCCACCTAGCGGGCGTGTCATCCATCCTAGGGGCTATCAACTTCATTACTACTATTATTAATATAAAACCACCAGCCCTGTCTCAATATCAAACACCACTGTTCGTTTGATCCGTAATAATTACAGCAGTTCTCCTTCTCCTTTCACTACCAGTCTTAGCAGCTGGCATTACAATACTTCTAACAGACCGAAACCTGAACACAACATTCTTTGACCCTGCCGGAGGTGGAGACCCAATCCTATACCAACATCTTTTC
c0f692ba394a16ec25cbc08a1265123fb571c6b7,ATTAAGTAGTAGTCTTATGACATTGAATACGGAATCCGTAGACTGGATCATTATTGGCCTGGCTGTATTAGGTATAAGTAGTGTATTAGGTTCTATAAATTTCTTAGGAACGAGTCTGTTCTTAGGATCTGTATCAGGATGCAGACCAAATATCTTGTATATCTGGGCCATCATATTTACTGCTATAATGCTTATAGTAACATTACCTATTTTGACCGGAGGGTTAGTAATGTTGTTAATGGATCTACATACTAATTCCGAATTCTATGATTCTATGTATTCAGGAGATAGTGTATTATATCAGCATTTATTC
c80aa809f88c1f834a1759d6b10578472d737a47,ATTAAGTAGTAGTCTTATGACATTGAATACGGAATCCGTAGACTGGATCATTATTGGCCTGGCTGTATTAGGTATAAGTAGTGTATGAGGTTCTATAAATTTCTTAGGAACGAGTCTGTTCTTAGGATCTGTATCAGGATGCAGACCAAATATCTTGTACATCTGGGCCATCATATTTACTGCTATAATGCTTATATTAACATTACCTATTTTGACCGGAGGGTTAGTAATGTTGTTAATGGATCTACATACTAGTTCCGAATTCTACGATTCTATGTATTCAGGAGGTAGTGCATTATATCAGCATTTGTTC
deb50e0616606c06cec75c002ca31101bfe4657d,CTTAGCCGGAACCCTCGCTCACGCTGGAGCTTCTGTAGATTTAGCTATCTTCTCTCTCCACCTAGCGGGCGTATCCTCCATCCTAGGGGCTATTAACTTCATTACCACCATTATTAATATAAAACCACCAGCCCTGTCTCAATATCAAACACCACTGTTCGTTTGATCCGTAATAATTACAGCAGTCCTCCTTCTCCTTTCACTACCAGTCTTAGCAGCTGGCATTACAATACTTCTAACAGACCGAAACCTGAACACAACATTCTTTGACCCTGCAGGAGGTGGAGACCCAATCCTATATCAACATCTTTTC
e2998e4251d4c7e6b9669ec890a589a201036807,ATTAGCCGGAAACCTAGCTCACGCTGGAGCTTCTGTAGATTTAGCTATCTTCTCTCTCCACCTAGCGGGCGTATCATCCATCCTAGGGGCTATTAACTTCATTACCACCATTATTAATATAAAACCACCAGCCCTGTCTCAATATCAAACACCACTGTTCGTTTGATCCGTAATAATTACAGCAGTCCTCCTTCTCCTTTCACTACCAGTCTTAGCAGCTGGTATTACAATACTCCTAACAGATCGAAACCTAAACACAACATTTTTCGATCCTGCTGGGGGTGGGGACCCAATCCTGTACCAACATCTTTTC
e35fa7a74d89d55ebfb94614e2dc410eb2660c37,ATTAGCCGGAAACCTAGCTCACGCTGGAGCTTCTGTAGATTTAGCTATCTTCTCTCTCCACCTAGCGGGCGTATCATCCATCCTAGGGGCTATTAACTTCATTACCACCATTATTAATATAAAACCACCAGCCCTGTCTCAATATCAAACACCACTGTTCGTTTGATCCGTAATAATTACAGCAGTCCTCCTTCTCCTTTCACTACCAGTCTTAGCAGCTGGCATTACAATACTTCTAACAGACCGAAACCTGAACACAACATTCTTTGACCCTGCCGGAGGTGGAGACCCAATCCTATACCAGCATCTTTTC
f7e174fa66c28807a274f47528919399b7577d04,ATTAGCCGGAAACCTAGCTCACGCTGGAGCTTCTGTAGATTTAGCTATCTTCTCTCTCCACCTAGCGGGCGTGTCATCCATCCTAGGGGCTATTAACTTCATTACTACCATTATTAATATAAAACCACCAGCCCTGTCCCAATATCAAACACCACTGTTCGTTTGATCCGTAATAATTACAGCAGTCCTCCTTCTCCTTTCACTACCAGTCTTAGCAGCTGGCATTACAATACTTCTAACAGACCGAAACCTGAACACAACATTCTTTGACCCTGCCGGAGGTGGAGACCCAATCCTATATCAACATCTTTTC
