Sample_name,file1,file2,PrimerF,PrimerR,Locus
1,1-KAY-01-a_S1_L001_R1_001.fastq.gz,1-KAY-01-a_S1_L001_R2_001.fastq.gz,GGWACWRGWTGRACWNTNTAYCCYCC,TANACYTCNGGRTGNCCRAARAAYCA,LerayXT
2,2-KAY-01-b_S2_L001_R1_001.fastq.gz,2-KAY-01-b_S2_L001_R2_001.fastq.gz,GGWACWRGWTGRACWNTNTAYCCYCC,TANACYTCNGGRTGNCCRAARAAYCA,LerayXT
3,3-KAY-01-c_S3_L001_R1_001.fastq.gz,3-KAY-01-c_S3_L001_R2_001.fastq.gz,GGWACWRGWTGRACWNTNTAYCCYCC,TANACYTCNGGRTGNCCRAARAAYCA,LerayXT
4,4-KAY-02-a_S4_L001_R1_001.fastq.gz,4-KAY-02-a_S4_L001_R2_001.fastq.gz,GGWACWRGWTGRACWNTNTAYCCYCC,TANACYTCNGGRTGNCCRAARAAYCA,LerayXT
5,5-KAY-02-b_S5_L001_R1_001.fastq.gz,5-KAY-02-b_S5_L001_R2_001.fastq.gz,GGWACWRGWTGRACWNTNTAYCCYCC,TANACYTCNGGRTGNCCRAARAAYCA,LerayXT
6,6-KAY-02-c_S6_L001_R1_001.fastq.gz,6-KAY-02-c_S6_L001_R2_001.fastq.gz,GGWACWRGWTGRACWNTNTAYCCYCC,TANACYTCNGGRTGNCCRAARAAYCA,LerayXT
7,7-KAY-03-a_S7_L001_R1_001.fastq.gz,7-KAY-03-a_S7_L001_R2_001.fastq.gz,GGWACWRGWTGRACWNTNTAYCCYCC,TANACYTCNGGRTGNCCRAARAAYCA,LerayXT
8,8-KAY-03-b_S8_L001_R1_001.fastq.gz,8-KAY-03-b_S8_L001_R2_001.fastq.gz,GGWACWRGWTGRACWNTNTAYCCYCC,TANACYTCNGGRTGNCCRAARAAYCA,LerayXT
9,9-KAY-03-c_S9_L001_R1_001.fastq.gz,9-KAY-03-c_S9_L001_R2_001.fastq.gz,GGWACWRGWTGRACWNTNTAYCCYCC,TANACYTCNGGRTGNCCRAARAAYCA,LerayXT
10,10-KAY-04-a_S10_L001_R1_001.fastq.gz,10-KAY-04-a_S10_L001_R2_001.fastq.gz,GGWACWRGWTGRACWNTNTAYCCYCC,TANACYTCNGGRTGNCCRAARAAYCA,LerayXT
11,11-KAY-04-b_S11_L001_R1_001.fastq.gz,11-KAY-04-b_S11_L001_R2_001.fastq.gz,GGWACWRGWTGRACWNTNTAYCCYCC,TANACYTCNGGRTGNCCRAARAAYCA,LerayXT
12,12-KAY-04-c_S12_L001_R1_001.fastq.gz,12-KAY-04-c_S12_L001_R2_001.fastq.gz,GGWACWRGWTGRACWNTNTAYCCYCC,TANACYTCNGGRTGNCCRAARAAYCA,LerayXT
13,13-KAY-05-a_S13_L001_R1_001.fastq.gz,13-KAY-05-a_S13_L001_R2_001.fastq.gz,GGWACWRGWTGRACWNTNTAYCCYCC,TANACYTCNGGRTGNCCRAARAAYCA,LerayXT
14,14-KAY-05-b_S14_L001_R1_001.fastq.gz,14-KAY-05-b_S14_L001_R2_001.fastq.gz,GGWACWRGWTGRACWNTNTAYCCYCC,TANACYTCNGGRTGNCCRAARAAYCA,LerayXT
15,15-KAY-05-c_S15_L001_R1_001.fastq.gz,15-KAY-05-c_S15_L001_R2_001.fastq.gz,GGWACWRGWTGRACWNTNTAYCCYCC,TANACYTCNGGRTGNCCRAARAAYCA,LerayXT
16,16-KAY-12-a_S16_L001_R1_001.fastq.gz,16-KAY-12-a_S16_L001_R2_001.fastq.gz,GGWACWRGWTGRACWNTNTAYCCYCC,TANACYTCNGGRTGNCCRAARAAYCA,LerayXT
17,17-KAY-12-b_S17_L001_R1_001.fastq.gz,17-KAY-12-b_S17_L001_R2_001.fastq.gz,GGWACWRGWTGRACWNTNTAYCCYCC,TANACYTCNGGRTGNCCRAARAAYCA,LerayXT
18,18-KAY-12-c_S18_L001_R1_001.fastq.gz,18-KAY-12-c_S18_L001_R2_001.fastq.gz,GGWACWRGWTGRACWNTNTAYCCYCC,TANACYTCNGGRTGNCCRAARAAYCA,LerayXT
19,19-KAY-13-a_S19_L001_R1_001.fastq.gz,19-KAY-13-a_S19_L001_R2_001.fastq.gz,GGWACWRGWTGRACWNTNTAYCCYCC,TANACYTCNGGRTGNCCRAARAAYCA,LerayXT
20,20-KAY-13-b_S20_L001_R1_001.fastq.gz,20-KAY-13-b_S20_L001_R2_001.fastq.gz,GGWACWRGWTGRACWNTNTAYCCYCC,TANACYTCNGGRTGNCCRAARAAYCA,LerayXT
21,21-KAY-13-c_S21_L001_R1_001.fastq.gz,21-KAY-13-c_S21_L001_R2_001.fastq.gz,GGWACWRGWTGRACWNTNTAYCCYCC,TANACYTCNGGRTGNCCRAARAAYCA,LerayXT
22,22-KAY-15-a_S22_L001_R1_001.fastq.gz,22-KAY-15-a_S22_L001_R2_001.fastq.gz,GGWACWRGWTGRACWNTNTAYCCYCC,TANACYTCNGGRTGNCCRAARAAYCA,LerayXT
23,23-KAY-15-b_S23_L001_R1_001.fastq.gz,23-KAY-15-b_S23_L001_R2_001.fastq.gz,GGWACWRGWTGRACWNTNTAYCCYCC,TANACYTCNGGRTGNCCRAARAAYCA,LerayXT
24,24-KAY-15-c_S24_L001_R1_001.fastq.gz,24-KAY-15-c_S24_L001_R2_001.fastq.gz,GGWACWRGWTGRACWNTNTAYCCYCC,TANACYTCNGGRTGNCCRAARAAYCA,LerayXT
25,25-KAY-16-a_S25_L001_R1_001.fastq.gz,25-KAY-16-a_S25_L001_R2_001.fastq.gz,GGWACWRGWTGRACWNTNTAYCCYCC,TANACYTCNGGRTGNCCRAARAAYCA,LerayXT
26,26-KAY-16-b_S26_L001_R1_001.fastq.gz,26-KAY-16-b_S26_L001_R2_001.fastq.gz,GGWACWRGWTGRACWNTNTAYCCYCC,TANACYTCNGGRTGNCCRAARAAYCA,LerayXT
27,27-KAY-16-c_S27_L001_R1_001.fastq.gz,27-KAY-16-c_S27_L001_R2_001.fastq.gz,GGWACWRGWTGRACWNTNTAYCCYCC,TANACYTCNGGRTGNCCRAARAAYCA,LerayXT
28,28-KAY-17-a_S28_L001_R1_001.fastq.gz,28-KAY-17-a_S28_L001_R2_001.fastq.gz,GGWACWRGWTGRACWNTNTAYCCYCC,TANACYTCNGGRTGNCCRAARAAYCA,LerayXT
29,29-KAY-17-b_S29_L001_R1_001.fastq.gz,29-KAY-17-b_S29_L001_R2_001.fastq.gz,GGWACWRGWTGRACWNTNTAYCCYCC,TANACYTCNGGRTGNCCRAARAAYCA,LerayXT
30,30-KAY-17-c_S30_L001_R1_001.fastq.gz,30-KAY-17-c_S30_L001_R2_001.fastq.gz,GGWACWRGWTGRACWNTNTAYCCYCC,TANACYTCNGGRTGNCCRAARAAYCA,LerayXT
31,31-KAY-18-a_S31_L001_R1_001.fastq.gz,31-KAY-18-a_S31_L001_R2_001.fastq.gz,GGWACWRGWTGRACWNTNTAYCCYCC,TANACYTCNGGRTGNCCRAARAAYCA,LerayXT
32,32-KAY-18-b_S32_L001_R1_001.fastq.gz,32-KAY-18-b_S32_L001_R2_001.fastq.gz,GGWACWRGWTGRACWNTNTAYCCYCC,TANACYTCNGGRTGNCCRAARAAYCA,LerayXT
33,33-KAY-18-c_S33_L001_R1_001.fastq.gz,33-KAY-18-c_S33_L001_R2_001.fastq.gz,GGWACWRGWTGRACWNTNTAYCCYCC,TANACYTCNGGRTGNCCRAARAAYCA,LerayXT
34,34-KAY-19-a_S34_L001_R1_001.fastq.gz,34-KAY-19-a_S34_L001_R2_001.fastq.gz,GGWACWRGWTGRACWNTNTAYCCYCC,TANACYTCNGGRTGNCCRAARAAYCA,LerayXT
35,35-KAY-19-b_S35_L001_R1_001.fastq.gz,35-KAY-19-b_S35_L001_R2_001.fastq.gz,GGWACWRGWTGRACWNTNTAYCCYCC,TANACYTCNGGRTGNCCRAARAAYCA,LerayXT
36,36-KAY-19-c_S36_L001_R1_001.fastq.gz,36-KAY-19-c_S36_L001_R2_001.fastq.gz,GGWACWRGWTGRACWNTNTAYCCYCC,TANACYTCNGGRTGNCCRAARAAYCA,LerayXT
37,37-KAY-20-a_S37_L001_R1_001.fastq.gz,37-KAY-20-a_S37_L001_R2_001.fastq.gz,GGWACWRGWTGRACWNTNTAYCCYCC,TANACYTCNGGRTGNCCRAARAAYCA,LerayXT
38,38-KAY-20-b_S38_L001_R1_001.fastq.gz,38-KAY-20-b_S38_L001_R2_001.fastq.gz,GGWACWRGWTGRACWNTNTAYCCYCC,TANACYTCNGGRTGNCCRAARAAYCA,LerayXT
39,39-KAY-20-c_S39_L001_R1_001.fastq.gz,39-KAY-20-c_S39_L001_R2_001.fastq.gz,GGWACWRGWTGRACWNTNTAYCCYCC,TANACYTCNGGRTGNCCRAARAAYCA,LerayXT
40,40-KAY-21-a_S40_L001_R1_001.fastq.gz,40-KAY-21-a_S40_L001_R2_001.fastq.gz,GGWACWRGWTGRACWNTNTAYCCYCC,TANACYTCNGGRTGNCCRAARAAYCA,LerayXT
41,41-KAY-21-b_S41_L001_R1_001.fastq.gz,41-KAY-21-b_S41_L001_R2_001.fastq.gz,GGWACWRGWTGRACWNTNTAYCCYCC,TANACYTCNGGRTGNCCRAARAAYCA,LerayXT
42,42-KAY-21-c_S42_L001_R1_001.fastq.gz,42-KAY-21-c_S42_L001_R2_001.fastq.gz,GGWACWRGWTGRACWNTNTAYCCYCC,TANACYTCNGGRTGNCCRAARAAYCA,LerayXT
43,43-KAY-22-a_S43_L001_R1_001.fastq.gz,43-KAY-22-a_S43_L001_R2_001.fastq.gz,GGWACWRGWTGRACWNTNTAYCCYCC,TANACYTCNGGRTGNCCRAARAAYCA,LerayXT
44,44-KAY-22-b_S44_L001_R1_001.fastq.gz,44-KAY-22-b_S44_L001_R2_001.fastq.gz,GGWACWRGWTGRACWNTNTAYCCYCC,TANACYTCNGGRTGNCCRAARAAYCA,LerayXT
45,45-KAY-22-c_S45_L001_R1_001.fastq.gz,45-KAY-22-c_S45_L001_R2_001.fastq.gz,GGWACWRGWTGRACWNTNTAYCCYCC,TANACYTCNGGRTGNCCRAARAAYCA,LerayXT
46,46-KAY-23-a_S46_L001_R1_001.fastq.gz,46-KAY-23-a_S46_L001_R2_001.fastq.gz,GGWACWRGWTGRACWNTNTAYCCYCC,TANACYTCNGGRTGNCCRAARAAYCA,LerayXT
47,47-KAY-23-b_S47_L001_R1_001.fastq.gz,47-KAY-23-b_S47_L001_R2_001.fastq.gz,GGWACWRGWTGRACWNTNTAYCCYCC,TANACYTCNGGRTGNCCRAARAAYCA,LerayXT
48,48-KAY-23-c_S48_L001_R1_001.fastq.gz,48-KAY-23-c_S48_L001_R2_001.fastq.gz,GGWACWRGWTGRACWNTNTAYCCYCC,TANACYTCNGGRTGNCCRAARAAYCA,LerayXT
49,49-KAY-24-a_S49_L001_R1_001.fastq.gz,49-KAY-24-a_S49_L001_R2_001.fastq.gz,GGWACWRGWTGRACWNTNTAYCCYCC,TANACYTCNGGRTGNCCRAARAAYCA,LerayXT
50,50-KAY-24-b_S50_L001_R1_001.fastq.gz,50-KAY-24-b_S50_L001_R2_001.fastq.gz,GGWACWRGWTGRACWNTNTAYCCYCC,TANACYTCNGGRTGNCCRAARAAYCA,LerayXT
51,51-KAY-24-c_S51_L001_R1_001.fastq.gz,51-KAY-24-c_S51_L001_R2_001.fastq.gz,GGWACWRGWTGRACWNTNTAYCCYCC,TANACYTCNGGRTGNCCRAARAAYCA,LerayXT
52,52-CLAY-02-a_S52_L001_R1_001.fastq.gz,52-CLAY-02-a_S52_L001_R2_001.fastq.gz,GGWACWRGWTGRACWNTNTAYCCYCC,TANACYTCNGGRTGNCCRAARAAYCA,LerayXT
53,53-CLAY-02-b_S53_L001_R1_001.fastq.gz,53-CLAY-02-b_S53_L001_R2_001.fastq.gz,GGWACWRGWTGRACWNTNTAYCCYCC,TANACYTCNGGRTGNCCRAARAAYCA,LerayXT
54,54-CLAY-02-c_S54_L001_R1_001.fastq.gz,54-CLAY-02-c_S54_L001_R2_001.fastq.gz,GGWACWRGWTGRACWNTNTAYCCYCC,TANACYTCNGGRTGNCCRAARAAYCA,LerayXT
55,55-CLAY-03-a_S55_L001_R1_001.fastq.gz,55-CLAY-03-a_S55_L001_R2_001.fastq.gz,GGWACWRGWTGRACWNTNTAYCCYCC,TANACYTCNGGRTGNCCRAARAAYCA,LerayXT
56,56-CLAY-03-b_S56_L001_R1_001.fastq.gz,56-CLAY-03-b_S56_L001_R2_001.fastq.gz,GGWACWRGWTGRACWNTNTAYCCYCC,TANACYTCNGGRTGNCCRAARAAYCA,LerayXT
57,57-CLAY-03-c_S57_L001_R1_001.fastq.gz,57-CLAY-03-c_S57_L001_R2_001.fastq.gz,GGWACWRGWTGRACWNTNTAYCCYCC,TANACYTCNGGRTGNCCRAARAAYCA,LerayXT
58,58-CLAY-04-a_S58_L001_R1_001.fastq.gz,58-CLAY-04-a_S58_L001_R2_001.fastq.gz,GGWACWRGWTGRACWNTNTAYCCYCC,TANACYTCNGGRTGNCCRAARAAYCA,LerayXT
59,59-CLAY-04-b_S59_L001_R1_001.fastq.gz,59-CLAY-04-b_S59_L001_R2_001.fastq.gz,GGWACWRGWTGRACWNTNTAYCCYCC,TANACYTCNGGRTGNCCRAARAAYCA,LerayXT
60,60-CLAY-04-c_S60_L001_R1_001.fastq.gz,60-CLAY-04-c_S60_L001_R2_001.fastq.gz,GGWACWRGWTGRACWNTNTAYCCYCC,TANACYTCNGGRTGNCCRAARAAYCA,LerayXT
61,61-CLAY-07-a_S61_L001_R1_001.fastq.gz,61-CLAY-07-a_S61_L001_R2_001.fastq.gz,GGWACWRGWTGRACWNTNTAYCCYCC,TANACYTCNGGRTGNCCRAARAAYCA,LerayXT
62,62-CLAY-07-b_S62_L001_R1_001.fastq.gz,62-CLAY-07-b_S62_L001_R2_001.fastq.gz,GGWACWRGWTGRACWNTNTAYCCYCC,TANACYTCNGGRTGNCCRAARAAYCA,LerayXT
63,63-CLAY-07-c_S63_L001_R1_001.fastq.gz,63-CLAY-07-c_S63_L001_R2_001.fastq.gz,GGWACWRGWTGRACWNTNTAYCCYCC,TANACYTCNGGRTGNCCRAARAAYCA,LerayXT
64,64-CLAY-08-a_S64_L001_R1_001.fastq.gz,64-CLAY-08-a_S64_L001_R2_001.fastq.gz,GGWACWRGWTGRACWNTNTAYCCYCC,TANACYTCNGGRTGNCCRAARAAYCA,LerayXT
65,65-CLAY-08-b_S65_L001_R1_001.fastq.gz,65-CLAY-08-b_S65_L001_R2_001.fastq.gz,GGWACWRGWTGRACWNTNTAYCCYCC,TANACYTCNGGRTGNCCRAARAAYCA,LerayXT
66,66-CLAY-08-c_S66_L001_R1_001.fastq.gz,66-CLAY-08-c_S66_L001_R2_001.fastq.gz,GGWACWRGWTGRACWNTNTAYCCYCC,TANACYTCNGGRTGNCCRAARAAYCA,LerayXT
67,67-CLAY-09-a_S67_L001_R1_001.fastq.gz,67-CLAY-09-a_S67_L001_R2_001.fastq.gz,GGWACWRGWTGRACWNTNTAYCCYCC,TANACYTCNGGRTGNCCRAARAAYCA,LerayXT
68,68-CLAY-09-b_S68_L001_R1_001.fastq.gz,68-CLAY-09-b_S68_L001_R2_001.fastq.gz,GGWACWRGWTGRACWNTNTAYCCYCC,TANACYTCNGGRTGNCCRAARAAYCA,LerayXT
69,69-CLAY-09-c_S69_L001_R1_001.fastq.gz,69-CLAY-09-c_S69_L001_R2_001.fastq.gz,GGWACWRGWTGRACWNTNTAYCCYCC,TANACYTCNGGRTGNCCRAARAAYCA,LerayXT
70,70-CLAY-11-a_S70_L001_R1_001.fastq.gz,70-CLAY-11-a_S70_L001_R2_001.fastq.gz,GGWACWRGWTGRACWNTNTAYCCYCC,TANACYTCNGGRTGNCCRAARAAYCA,LerayXT
71,71-CLAY-11-b_S71_L001_R1_001.fastq.gz,71-CLAY-11-b_S71_L001_R2_001.fastq.gz,GGWACWRGWTGRACWNTNTAYCCYCC,TANACYTCNGGRTGNCCRAARAAYCA,LerayXT
72,72-CLAY-11-c_S72_L001_R1_001.fastq.gz,72-CLAY-11-c_S72_L001_R2_001.fastq.gz,GGWACWRGWTGRACWNTNTAYCCYCC,TANACYTCNGGRTGNCCRAARAAYCA,LerayXT
73,73-CLAY-01-a_S73_L001_R1_001.fastq.gz,73-CLAY-01-a_S73_L001_R2_001.fastq.gz,GGWACWRGWTGRACWNTNTAYCCYCC,TANACYTCNGGRTGNCCRAARAAYCA,LerayXT
74,74-CLAY-01-b_S74_L001_R1_001.fastq.gz,74-CLAY-01-b_S74_L001_R2_001.fastq.gz,GGWACWRGWTGRACWNTNTAYCCYCC,TANACYTCNGGRTGNCCRAARAAYCA,LerayXT
75,75-CLAY-01-c_S75_L001_R1_001.fastq.gz,75-CLAY-01-c_S75_L001_R2_001.fastq.gz,GGWACWRGWTGRACWNTNTAYCCYCC,TANACYTCNGGRTGNCCRAARAAYCA,LerayXT
76,76-MARPT-02-a_S76_L001_R1_001.fastq.gz,76-MARPT-02-a_S76_L001_R2_001.fastq.gz,GGWACWRGWTGRACWNTNTAYCCYCC,TANACYTCNGGRTGNCCRAARAAYCA,LerayXT
77,77-MARPT-02-b_S77_L001_R1_001.fastq.gz,77-MARPT-02-b_S77_L001_R2_001.fastq.gz,GGWACWRGWTGRACWNTNTAYCCYCC,TANACYTCNGGRTGNCCRAARAAYCA,LerayXT
78,78-MARPT-02-c_S78_L001_R1_001.fastq.gz,78-MARPT-02-c_S78_L001_R2_001.fastq.gz,GGWACWRGWTGRACWNTNTAYCCYCC,TANACYTCNGGRTGNCCRAARAAYCA,LerayXT
79,79-MARPT-14-a_S79_L001_R1_001.fastq.gz,79-MARPT-14-a_S79_L001_R2_001.fastq.gz,GGWACWRGWTGRACWNTNTAYCCYCC,TANACYTCNGGRTGNCCRAARAAYCA,LerayXT
80,80-MARPT-14-b_S80_L001_R1_001.fastq.gz,80-MARPT-14-b_S80_L001_R2_001.fastq.gz,GGWACWRGWTGRACWNTNTAYCCYCC,TANACYTCNGGRTGNCCRAARAAYCA,LerayXT
81,81-MARPT-14-c_S81_L001_R1_001.fastq.gz,81-MARPT-14-c_S81_L001_R2_001.fastq.gz,GGWACWRGWTGRACWNTNTAYCCYCC,TANACYTCNGGRTGNCCRAARAAYCA,LerayXT
82,82-CLAY-05-a_S82_L001_R1_001.fastq.gz,82-CLAY-05-a_S82_L001_R2_001.fastq.gz,GGWACWRGWTGRACWNTNTAYCCYCC,TANACYTCNGGRTGNCCRAARAAYCA,LerayXT
83,83-CLAY-05-b_S83_L001_R1_001.fastq.gz,83-CLAY-05-b_S83_L001_R2_001.fastq.gz,GGWACWRGWTGRACWNTNTAYCCYCC,TANACYTCNGGRTGNCCRAARAAYCA,LerayXT
84,84-CLAY-05-c_S84_L001_R1_001.fastq.gz,84-CLAY-05-c_S84_L001_R2_001.fastq.gz,GGWACWRGWTGRACWNTNTAYCCYCC,TANACYTCNGGRTGNCCRAARAAYCA,LerayXT
85,85-CLAY-06-a_S85_L001_R1_001.fastq.gz,85-CLAY-06-a_S85_L001_R2_001.fastq.gz,GGWACWRGWTGRACWNTNTAYCCYCC,TANACYTCNGGRTGNCCRAARAAYCA,LerayXT
86,86-CLAY-06-b_S86_L001_R1_001.fastq.gz,86-CLAY-06-b_S86_L001_R2_001.fastq.gz,GGWACWRGWTGRACWNTNTAYCCYCC,TANACYTCNGGRTGNCCRAARAAYCA,LerayXT
87,87-CLAY-06-c_S87_L001_R1_001.fastq.gz,87-CLAY-06-c_S87_L001_R2_001.fastq.gz,GGWACWRGWTGRACWNTNTAYCCYCC,TANACYTCNGGRTGNCCRAARAAYCA,LerayXT
88,88-MARPT-01-a_S88_L001_R1_001.fastq.gz,88-MARPT-01-a_S88_L001_R2_001.fastq.gz,GGWACWRGWTGRACWNTNTAYCCYCC,TANACYTCNGGRTGNCCRAARAAYCA,LerayXT
92,92-MARPT-01-b_S92_L001_R1_001.fastq.gz,92-MARPT-01-b_S92_L001_R2_001.fastq.gz,GGWACWRGWTGRACWNTNTAYCCYCC,TANACYTCNGGRTGNCCRAARAAYCA,LerayXT
93,93-MARPT-01-c_S93_L001_R1_001.fastq.gz,93-MARPT-01-c_S93_L001_R2_001.fastq.gz,GGWACWRGWTGRACWNTNTAYCCYCC,TANACYTCNGGRTGNCCRAARAAYCA,LerayXT
95,95-Positive-Control_S95_L001_R1_001.fastq.gz,95-Positive-Control_S95_L001_R2_001.fastq.gz,GGWACWRGWTGRACWNTNTAYCCYCC,TANACYTCNGGRTGNCCRAARAAYCA,LerayXT
96,96-Negative-Control_S96_L001_R1_001.fastq.gz,96-Negative-Control_S96_L001_R2_001.fastq.gz,GGWACWRGWTGRACWNTNTAYCCYCC,TANACYTCNGGRTGNCCRAARAAYCA,LerayXT
